{"cameraMode":{"drawMode":0,"name":"Shaded","section":"Shading Mode"},"sceneLighting":true,"audioPlay":false,"sceneViewState":{"m_AlwaysRefresh":false,"showFog":true,"showSkybox":true,"showFlares":true,"showImageEffects":true,"showParticleSystems":true,"showVisualEffectGraphs":true,"m_FxEnabled":true},"in2DMode":false,"pivot":{"x":-12.6116943359375,"y":11.508268356323243,"z":4.832637786865234},"rotation":{"x":-0.0014273339184001089,"y":-0.06148294731974602,"z":-0.0014663803158327938,"w":0.998297929763794},"size":13.244162559509278,"orthographic":true}