{"cameraMode":{"drawMode":0,"name":"Shaded","section":"Shading Mode"},"sceneLighting":false,"audioPlay":false,"sceneViewState":{"m_AlwaysRefresh":false,"showFog":true,"showSkybox":false,"showFlares":true,"showImageEffects":true,"showParticleSystems":true,"showVisualEffectGraphs":true,"m_FxEnabled":true},"in2DMode":false,"pivot":{"x":-1.6187326908111573,"y":1.3167330026626588,"z":2.899799346923828},"rotation":{"x":0.06218387559056282,"y":-0.49744102358818056,"z":0.0361691489815712,"w":0.8647043108940125},"size":1.2910404205322266,"orthographic":true}